"","HGNC_ID","Cell Line","Treatment","Expression_Value"
"1","ARID1B","CHLA10","si16",2930.378741
"2","SMARCD1","CHLA10","si16",4758.004897
"3","SMARCE1","CHLA10","si16",6241.308212
"4","SMARCA2","CHLA10","si16",3894.124705
"5","SMARCD3","CHLA10","si16",1934.999294
"6","SMARCB1","CHLA10","si16",4832.00881
"7","SMARCD2","CHLA10","si16",1611.001336
"8","ARID1A","CHLA10","si16",9973.70959
"9","SMARCA4","CHLA10","si16",29346.33836
"10","ACTL6A","CHLA10","si16",2572.297388
"11","SMARCC2","CHLA10","si16",4775.032434
"12","SMARCC1","CHLA10","si16",14192.15305
"13","ARID1B","CHLA10","si16",2555.63849
"14","SMARCD1","CHLA10","si16",4165.00408
"15","SMARCE1","CHLA10","si16",5236.385648
"16","SMARCA2","CHLA10","si16",3387.00246
"17","SMARCD3","CHLA10","si16",1725.000785
"18","SMARCB1","CHLA10","si16",4266.00349
"19","SMARCD2","CHLA10","si16",1503.99775
"20","ARID1A","CHLA10","si16",8240.367997
"21","SMARCA4","CHLA10","si16",24987.69757
"22","ACTL6A","CHLA10","si16",2206.089949
"23","SMARCC2","CHLA10","si16",3788.537746
"24","SMARCC1","CHLA10","si16",12246.0328
"25","ARID1B","CHLA10","si16",2999.395177
"26","SMARCD1","CHLA10","si16",5234.997115
"27","SMARCE1","CHLA10","si16",7256.835444
"28","SMARCA2","CHLA10","si16",4116.001237
"29","SMARCD3","CHLA10","si16",2061.001226
"30","SMARCB1","CHLA10","si16",5390.0029
"31","SMARCD2","CHLA10","si16",1771.998602
"32","ARID1A","CHLA10","si16",11509.26313
"33","SMARCA4","CHLA10","si16",34429.7261
"34","ACTL6A","CHLA10","si16",2598.897685
"35","SMARCC2","CHLA10","si16",5705.54092
"36","SMARCC1","CHLA10","si16",14920.00152
"37","ARID1B","CHLA10","si30",2998.97362
"38","SMARCD1","CHLA10","si30",4167.00027
"39","SMARCE1","CHLA10","si30",5379.363415
"40","SMARCA2","CHLA10","si30",3202.000891
"41","SMARCD3","CHLA10","si30",1534.000852
"42","SMARCB1","CHLA10","si30",4394.00458
"43","SMARCD2","CHLA10","si30",1677.997099
"44","ARID1A","CHLA10","si30",8474.95641
"45","SMARCA4","CHLA10","si30",24657.2095
"46","ACTL6A","CHLA10","si30",2044.039753
"47","SMARCC2","CHLA10","si30",4082.717181
"48","SMARCC1","CHLA10","si30",13523.02298
"49","ARID1B","CHLA10","si30",4562.309973
"50","SMARCD1","CHLA10","si30",6220.009079
"51","SMARCE1","CHLA10","si30",6992.541262
"52","SMARCA2","CHLA10","si30",4676.000665
"53","SMARCD3","CHLA10","si30",2302.00145
"54","SMARCB1","CHLA10","si30",6708.0062
"55","SMARCD2","CHLA10","si30",2600.999071
"56","ARID1A","CHLA10","si30",13296.26384
"57","SMARCA4","CHLA10","si30",39116.87433
"58","ACTL6A","CHLA10","si30",2709.879887
"59","SMARCC2","CHLA10","si30",5913.757123
"60","SMARCC1","CHLA10","si30",19788.02539
"61","ARID1B","CHLA10","si30",4385.821447
"62","SMARCD1","CHLA10","si30",6567.00268
"63","SMARCE1","CHLA10","si30",7478.230791
"64","SMARCA2","CHLA10","si30",4874.000517
"65","SMARCD3","CHLA10","si30",2619.000289
"66","SMARCB1","CHLA10","si30",6560.00381
"67","SMARCD2","CHLA10","si30",2439.00178
"68","ARID1A","CHLA10","si30",13831.53292
"69","SMARCA4","CHLA10","si30",38208.39318
"70","ACTL6A","CHLA10","si30",2941.446033
"71","SMARCC2","CHLA10","si30",6420.31903
"72","SMARCC1","CHLA10","si30",20750.90872
"73","ARID1B","CHLA10","siNeg_16",3485.821059
"74","SMARCD1","CHLA10","siNeg_16",5224.999869
"75","SMARCE1","CHLA10","siNeg_16",6218.829888
"76","SMARCA2","CHLA10","siNeg_16",3942.996133
"77","SMARCD3","CHLA10","siNeg_16",2405.001002
"78","SMARCB1","CHLA10","siNeg_16",5358.001
"79","SMARCD2","CHLA10","siNeg_16",2166.99878
"80","ARID1A","CHLA10","siNeg_16",10895.21171
"81","SMARCA4","CHLA10","siNeg_16",31195.28539
"82","ACTL6A","CHLA10","siNeg_16",2711.417981
"83","SMARCC2","CHLA10","siNeg_16",5199.396124
"84","SMARCC1","CHLA10","siNeg_16",15804.47132
"85","ARID1B","CHLA10","siNeg_16",2812.834541
"86","SMARCD1","CHLA10","siNeg_16",4388.996498
"87","SMARCE1","CHLA10","siNeg_16",5366.956097
"88","SMARCA2","CHLA10","siNeg_16",3295.005151
"89","SMARCD3","CHLA10","siNeg_16",1927.999206
"90","SMARCB1","CHLA10","siNeg_16",4358.00085
"91","SMARCD2","CHLA10","siNeg_16",1845.997822
"92","ARID1A","CHLA10","siNeg_16",8665.39642
"93","SMARCA4","CHLA10","siNeg_16",24955.9788
"94","ACTL6A","CHLA10","siNeg_16",2402.003983
"95","SMARCC2","CHLA10","siNeg_16",4395.163448
"96","SMARCC1","CHLA10","siNeg_16",13486.11096
"97","ARID1B","CHLA10","siNeg_16",2304.607811
"98","SMARCD1","CHLA10","siNeg_16",3519.001952
"99","SMARCE1","CHLA10","siNeg_16",3960.55318
"100","SMARCA2","CHLA10","siNeg_16",2567.000972
"101","SMARCD3","CHLA10","siNeg_16",1535.000046
"102","SMARCB1","CHLA10","siNeg_16",3544.00413
"103","SMARCD2","CHLA10","siNeg_16",1469.003855
"104","ARID1A","CHLA10","siNeg_16",7270.40604
"105","SMARCA4","CHLA10","siNeg_16",20083.2735
"106","ACTL6A","CHLA10","siNeg_16",1706.016841
"107","SMARCC2","CHLA10","siNeg_16",3403.086392
"108","SMARCC1","CHLA10","siNeg_16",10118.38536
"109","ARID1B","CHLA10","siNeg_16",3541.44803
"110","SMARCD1","CHLA10","siNeg_16",4968.005434
"111","SMARCE1","CHLA10","siNeg_30",5507.616572
"112","SMARCA2","CHLA10","siNeg_30",3897.994813
"113","SMARCD3","CHLA10","siNeg_30",2148.000631
"114","SMARCB1","CHLA10","siNeg_30",4852.99626
"115","SMARCD2","CHLA10","siNeg_30",2276.002678
"116","ARID1A","CHLA10","siNeg_30",9805.65223
"117","SMARCA4","CHLA10","siNeg_30",30393.416
"118","ACTL6A","CHLA10","siNeg_30",2656.578148
"119","SMARCC2","CHLA10","siNeg_30",5362.909758
"120","SMARCC1","CHLA10","siNeg_30",14554.97546
"121","ARID1B","CHLA10","siNeg_30",2774.789241
"122","SMARCD1","CHLA10","siNeg_30",3508.994216
"123","SMARCE1","CHLA10","siNeg_30",3972.783755
"124","SMARCA2","CHLA10","siNeg_30",2973.003122
"125","SMARCD3","CHLA10","siNeg_30",1468.99994
"126","SMARCB1","CHLA10","siNeg_30",3553.99836
"127","SMARCD2","CHLA10","siNeg_30",1547.999711
"128","ARID1A","CHLA10","siNeg_30",7050.819787
"129","SMARCA4","CHLA10","siNeg_30",20606.80972
"130","ACTL6A","CHLA10","siNeg_30",1923.000651
"131","SMARCC2","CHLA10","siNeg_30",3630.957611
"132","SMARCC1","CHLA10","siNeg_30",10741.0108
"133","ARID1B","CHLA10","siNeg_30",4263.801329
"134","SMARCD1","CHLA10","siNeg_30",5141.005422
"135","SMARCE1","CHLA10","siNeg_30",5814.272979
"136","SMARCA2","CHLA10","siNeg_30",4265.394302
"137","SMARCD3","CHLA10","siNeg_30",2035.998603
"138","SMARCB1","CHLA10","siNeg_30",5108.00135
"139","SMARCD2","CHLA10","siNeg_30",2246.999237
"140","ARID1A","CHLA10","siNeg_30",11147.82506
"141","SMARCA4","CHLA10","siNeg_30",31202.30223
"142","ACTL6A","CHLA10","siNeg_30",2766.021568
"143","SMARCC2","CHLA10","siNeg_30",5679.32298
"144","SMARCC1","CHLA10","siNeg_30",15789.04872
"145","ARID1B","CHLA9","si16",6091.23835
"146","SMARCD1","CHLA9","si16",5709.004912
"147","SMARCE1","CHLA9","si16",12326.02772
"148","SMARCA2","CHLA9","si16",2961.997134
"149","SMARCD3","CHLA9","si16",1442.999606
"150","SMARCB1","CHLA9","si16",5498.99879
"151","SMARCD2","CHLA9","si16",2017.994747
"152","ARID1A","CHLA9","si16",15885.31661
"153","SMARCA4","CHLA9","si16",29858.35517
"154","ACTL6A","CHLA9","si16",4085.205453
"155","SMARCC2","CHLA9","si16",6109.316126
"156","SMARCC1","CHLA9","si16",45671.08451
"157","ARID1B","CHLA9","si16",5613.780063
"158","SMARCD1","CHLA9","si16",5585.008483
"159","SMARCE1","CHLA9","si16",11844.36566
"160","SMARCA2","CHLA9","si16",2793.221881
"161","SMARCD3","CHLA9","si16",1478.999135
"162","SMARCB1","CHLA9","si16",5212.00761
"163","SMARCD2","CHLA9","si16",2005.000443
"164","ARID1A","CHLA9","si16",14876.63391
"165","SMARCA4","CHLA9","si16",28210.80715
"166","ACTL6A","CHLA9","si16",3802.398898
"167","SMARCC2","CHLA9","si16",5850.502893
"168","SMARCC1","CHLA9","si16",42685.04947
"169","ARID1B","CHLA9","si16",6635.000232
"170","SMARCD1","CHLA9","si16",6671.000327
"171","SMARCE1","CHLA9","si16",14012.55605
"172","SMARCA2","CHLA9","si16",3457.995013
"173","SMARCD3","CHLA9","si16",1751.001061
"174","SMARCB1","CHLA9","si16",6409.00209
"175","SMARCD2","CHLA9","si16",2430.000534
"176","ARID1A","CHLA9","si16",18801.69983
"177","SMARCA4","CHLA9","si16",34917.35271
"178","ACTL6A","CHLA9","si16",4732.255862
"179","SMARCC2","CHLA9","si16",7414.154212
"180","SMARCC1","CHLA9","si16",52534.242
"181","ARID1B","CHLA9","si30",5955.901781
"182","SMARCD1","CHLA9","si30",6112.997226
"183","SMARCE1","CHLA9","si30",11033.53849
"184","SMARCA2","CHLA9","si30",2952.003613
"185","SMARCD3","CHLA9","si30",1339.999774
"186","SMARCB1","CHLA9","si30",5089.00177
"187","SMARCD2","CHLA9","si30",2336.00208
"188","ARID1A","CHLA9","si30",14681.13197
"189","SMARCA4","CHLA9","si30",26708.2743
"190","ACTL6A","CHLA9","si30",4048.556615
"191","SMARCC2","CHLA9","si30",6587.458343
"192","SMARCC1","CHLA9","si30",48308.01377
"193","ARID1B","CHLA9","si30",5918.251244
"194","SMARCD1","CHLA9","si30",6254.001842
"195","SMARCE1","CHLA9","si30",11051.60614
"196","SMARCA2","CHLA9","si30",2911.12809
"197","SMARCD3","CHLA9","si30",1423.000431
"198","SMARCB1","CHLA9","si30",5020.00411
"199","SMARCD2","CHLA9","si30",2535.995281
"200","ARID1A","CHLA9","si30",14231.79065
"201","SMARCA4","CHLA9","si30",27086.32054
"202","ACTL6A","CHLA9","si30",4320.10632
"203","SMARCC2","CHLA9","si30",6492.09542
"204","SMARCC1","CHLA9","si30",48516.04802
"205","ARID1B","CHLA9","si30",7644.00646
"206","SMARCD1","CHLA9","si30",7735.994649
"207","SMARCE1","CHLA9","si30",13828.04792
"208","SMARCA2","CHLA9","si30",3526.042966
"209","SMARCD3","CHLA9","si30",1547.001353
"210","SMARCB1","CHLA9","si30",6305.00053
"211","SMARCD2","CHLA9","si30",2836.000603
"212","ARID1A","CHLA9","si30",17892.93835
"213","SMARCA4","CHLA9","si30",33654.06813
"214","ACTL6A","CHLA9","si30",5064.586603
"215","SMARCC2","CHLA9","si30",8182.668371
"216","SMARCC1","CHLA9","si30",58666.14514
"217","ARID1B","CHLA9","siNeg_16",6786.068228
"218","SMARCD1","CHLA9","siNeg_16",6655.993793
"219","SMARCE1","CHLA9","siNeg_16",12365.90551
"220","SMARCA2","CHLA9","siNeg_16",2751.003215
"221","SMARCD3","CHLA9","siNeg_16",1767.000513
"222","SMARCB1","CHLA9","siNeg_16",5555.00401
"223","SMARCD2","CHLA9","siNeg_16",3059.001549
"224","ARID1A","CHLA9","siNeg_16",16441.06976
"225","SMARCA4","CHLA9","siNeg_16",28826.9487
"226","ACTL6A","CHLA9","siNeg_16",4222.38158
"227","SMARCC2","CHLA9","siNeg_16",8006.15824
"228","SMARCC1","CHLA9","siNeg_16",53070.07884
"229","ARID1B","CHLA9","siNeg_16",5537.009597
"230","SMARCD1","CHLA9","siNeg_16",5648.004062
"231","SMARCE1","CHLA9","siNeg_16",10474.02118
"232","SMARCA2","CHLA9","siNeg_16",2451.983691
"233","SMARCD3","CHLA9","siNeg_16",1680.000232
"234","SMARCB1","CHLA9","siNeg_16",4631.00578
"235","SMARCD2","CHLA9","siNeg_16",2452.00026
"236","ARID1A","CHLA9","siNeg_16",13841.92265
"237","SMARCA4","CHLA9","siNeg_16",24794.55765
"238","ACTL6A","CHLA9","siNeg_16",3600.997167
"239","SMARCC2","CHLA9","siNeg_16",6590.556412
"240","SMARCC1","CHLA9","siNeg_16",44799.63408
"241","ARID1B","CHLA9","siNeg_16",5405.02425
"242","SMARCD1","CHLA9","siNeg_16",5653.994742
"243","SMARCE1","CHLA9","siNeg_16",11029.56555
"244","SMARCA2","CHLA9","siNeg_16",2471.000215
"245","SMARCD3","CHLA9","siNeg_16",1516.000326
"246","SMARCB1","CHLA9","siNeg_16",4832.0022
"247","SMARCD2","CHLA9","siNeg_16",2500.995819
"248","ARID1A","CHLA9","siNeg_16",13875.82101
"249","SMARCA4","CHLA9","siNeg_16",25541.93122
"250","ACTL6A","CHLA9","siNeg_16",3644.284495
"251","SMARCC2","CHLA9","siNeg_16",6910.146142
"252","SMARCC1","CHLA9","siNeg_16",45998.38404
"253","ARID1B","CHLA9","siNeg_16",6471.526611
"254","SMARCD1","CHLA9","siNeg_16",6339.003636
"255","SMARCE1","CHLA9","siNeg_30",11281.94312
"256","SMARCA2","CHLA9","siNeg_30",2723.999024
"257","SMARCD3","CHLA9","siNeg_30",1304.000412
"258","SMARCB1","CHLA9","siNeg_30",5368.9979
"259","SMARCD2","CHLA9","siNeg_30",2453.004133
"260","ARID1A","CHLA9","siNeg_30",15707.21829
"261","SMARCA4","CHLA9","siNeg_30",28332.71373
"262","ACTL6A","CHLA9","siNeg_30",4858.281166
"263","SMARCC2","CHLA9","siNeg_30",6862.10628
"264","SMARCC1","CHLA9","siNeg_30",50349.00865
"265","ARID1B","CHLA9","siNeg_30",8074.94301
"266","SMARCD1","CHLA9","siNeg_30",6667.999964
"267","SMARCE1","CHLA9","siNeg_30",13648.18283
"268","SMARCA2","CHLA9","siNeg_30",3606.308433
"269","SMARCD3","CHLA9","siNeg_30",1599.998782
"270","SMARCB1","CHLA9","siNeg_30",5741.9964
"271","SMARCD2","CHLA9","siNeg_30",3291.000279
"272","ARID1A","CHLA9","siNeg_30",17444.20407
"273","SMARCA4","CHLA9","siNeg_30",28359.81083
"274","ACTL6A","CHLA9","siNeg_30",4682.936789
"275","SMARCC2","CHLA9","siNeg_30",10179.48527
"276","SMARCC1","CHLA9","siNeg_30",61448.2738
"277","ARID1B","CHLA9","siNeg_30",6626.367446
"278","SMARCD1","CHLA9","siNeg_30",6485.003891
"279","SMARCE1","CHLA9","siNeg_30",11899.81207
"280","SMARCA2","CHLA9","siNeg_30",2839.037867
"281","SMARCD3","CHLA9","siNeg_30",1449.999968
"282","SMARCB1","CHLA9","siNeg_30",5399.00047
"283","SMARCD2","CHLA9","siNeg_30",2488.996173
"284","ARID1A","CHLA9","siNeg_30",14998.4933
"285","SMARCA4","CHLA9","siNeg_30",27803.48624
"286","ACTL6A","CHLA9","siNeg_30",5403.437325
"287","SMARCC2","CHLA9","siNeg_30",7056.846519
"288","SMARCC1","CHLA9","siNeg_30",52693.28693
"289","ARID1B","TC252","si16",4053.801562
"290","SMARCD1","TC252","si16",4362.00296
"291","SMARCE1","TC252","si16",10174.64843
"292","SMARCA2","TC252","si16",319.9994763
"293","SMARCD3","TC252","si16",1272.000579
"294","SMARCB1","TC252","si16",3395.0006
"295","SMARCD2","TC252","si16",2114.996853
"296","ARID1A","TC252","si16",9946.710273
"297","SMARCA4","TC252","si16",19502.27836
"298","ACTL6A","TC252","si16",3843.543813
"299","SMARCC2","TC252","si16",4064.106844
"300","SMARCC1","TC252","si16",22515.79176
"301","ARID1B","TC252","si16",6761.451962
"302","SMARCD1","TC252","si16",7078.994909
"303","SMARCE1","TC252","si16",15080.62782
"304","SMARCA2","TC252","si16",431.0003
"305","SMARCD3","TC252","si16",2031.998785
"306","SMARCB1","TC252","si16",5454.99775
"307","SMARCD2","TC252","si16",3195.000656
"308","ARID1A","TC252","si16",15221.17021
"309","SMARCA4","TC252","si16",30012.9476
"310","ACTL6A","TC252","si16",5796.672119
"311","SMARCC2","TC252","si16",6205.642435
"312","SMARCC1","TC252","si16",33969.11988
"313","ARID1B","TC252","si16",6180.110421
"314","SMARCD1","TC252","si16",6646.003976
"315","SMARCE1","TC252","si16",14764.46706
"316","SMARCA2","TC252","si16",435.9998964
"317","SMARCD3","TC252","si16",1891.000432
"318","SMARCB1","TC252","si16",5226.00702
"319","SMARCD2","TC252","si16",3068.998955
"320","ARID1A","TC252","si16",14296.47449
"321","SMARCA4","TC252","si16",28598.51419
"322","ACTL6A","TC252","si16",5685.599204
"323","SMARCC2","TC252","si16",6054.2598
"324","SMARCC1","TC252","si16",32808.08205
"325","ARID1B","TC252","si30",7592.063432
"326","SMARCD1","TC252","si30",10137.00354
"327","SMARCE1","TC252","si30",20081.90805
"328","SMARCA2","TC252","si30",710.022371
"329","SMARCD3","TC252","si30",2666.996493
"330","SMARCB1","TC252","si30",7682.99978
"331","SMARCD2","TC252","si30",4728.000534
"332","ARID1A","TC252","si30",21350.32023
"333","SMARCA4","TC252","si30",39629.99167
"334","ACTL6A","TC252","si30",7920.002489
"335","SMARCC2","TC252","si30",9221.198761
"336","SMARCC1","TC252","si30",48387.78014
"337","ARID1B","TC252","si30",5645.206196
"338","SMARCD1","TC252","si30",7885.007055
"339","SMARCE1","TC252","si30",16097.55725
"340","SMARCA2","TC252","si30",536.9998484
"341","SMARCD3","TC252","si30",1863.000344
"342","SMARCB1","TC252","si30",5752.00162
"343","SMARCD2","TC252","si30",3644.997901
"344","ARID1A","TC252","si30",16897.22886
"345","SMARCA4","TC252","si30",30735.31081
"346","ACTL6A","TC252","si30",6030.300404
"347","SMARCC2","TC252","si30",7146.084817
"348","SMARCC1","TC252","si30",37677.0403
"349","ARID1B","TC252","si30",5104.869548
"350","SMARCD1","TC252","si30",6658.008445
"351","SMARCE1","TC252","si30",13041.87995
"352","SMARCA2","TC252","si30",489.0001
"353","SMARCD3","TC252","si30",1768.999057
"354","SMARCB1","TC252","si30",4893.00793
"355","SMARCD2","TC252","si30",3097.003686
"356","ARID1A","TC252","si30",13213.8493
"357","SMARCA4","TC252","si30",24809.08979
"358","ACTL6A","TC252","si30",5244.165651
"359","SMARCC2","TC252","si30",5900.691671
"360","SMARCC1","TC252","si30",30935.07033
"361","ARID1B","TC252","siNeg_16",5288.668193
"362","SMARCD1","TC252","siNeg_16",6080.999913
"363","SMARCE1","TC252","siNeg_16",11738.42145
"364","SMARCA2","TC252","siNeg_16",262.9998609
"365","SMARCD3","TC252","siNeg_16",1882.000174
"366","SMARCB1","TC252","siNeg_16",4407.00341
"367","SMARCD2","TC252","siNeg_16",3617.003434
"368","ARID1A","TC252","siNeg_16",11886.49456
"369","SMARCA4","TC252","siNeg_16",23970.9932
"370","ACTL6A","TC252","siNeg_16",5546.727323
"371","SMARCC2","TC252","siNeg_16",6673.703179
"372","SMARCC1","TC252","siNeg_16",30029.03036
"373","ARID1B","TC252","siNeg_16",5635.330396
"374","SMARCD1","TC252","siNeg_16",5945.004944
"375","SMARCE1","TC252","siNeg_16",11344.66792
"376","SMARCA2","TC252","siNeg_16",293.0163628
"377","SMARCD3","TC252","siNeg_16",1734.999714
"378","SMARCB1","TC252","siNeg_16",4491.9943
"379","SMARCD2","TC252","siNeg_16",3588.997515
"380","ARID1A","TC252","siNeg_16",12305.29458
"381","SMARCA4","TC252","siNeg_16",23954.50405
"382","ACTL6A","TC252","siNeg_16",5571.759662
"383","SMARCC2","TC252","siNeg_16",6420.952401
"384","SMARCC1","TC252","siNeg_16",30179.89525
"385","ARID1B","TC252","siNeg_16",7436.92218
"386","SMARCD1","TC252","siNeg_16",8538.996952
"387","SMARCE1","TC252","siNeg_16",16140.62712
"388","SMARCA2","TC252","siNeg_16",362.9839952
"389","SMARCD3","TC252","siNeg_16",2518.995642
"390","SMARCB1","TC252","siNeg_16",6289.0056
"391","SMARCD2","TC252","siNeg_16",4795.001462
"392","ARID1A","TC252","siNeg_16",17291.63367
"393","SMARCA4","TC252","siNeg_16",34419.57754
"394","ACTL6A","TC252","siNeg_16",7520.62575
"395","SMARCC2","TC252","siNeg_16",9550.078066
"396","SMARCC1","TC252","siNeg_16",40731.04345
"397","ARID1B","TC252","siNeg_16",5670.657101
"398","SMARCD1","TC252","siNeg_16",6485.007855
"399","SMARCE1","TC252","siNeg_30",11854.01604
"400","SMARCA2","TC252","siNeg_30",273.9998637
"401","SMARCD3","TC252","siNeg_30",1949.000549
"402","SMARCB1","TC252","siNeg_30",4552.00417
"403","SMARCD2","TC252","siNeg_30",3340.9971
"404","ARID1A","TC252","siNeg_30",12725.69096
"405","SMARCA4","TC252","siNeg_30",25110.32517
"406","ACTL6A","TC252","siNeg_30",6178.087873
"407","SMARCC2","TC252","siNeg_30",6400.059517
"408","SMARCC1","TC252","siNeg_30",32899.18339
"409","ARID1B","TC252","siNeg_30",5755.790155
"410","SMARCD1","TC252","siNeg_30",7127.002928
"411","SMARCE1","TC252","siNeg_30",13190.30982
"412","SMARCA2","TC252","siNeg_30",301.008306
"413","SMARCD3","TC252","siNeg_30",2170.999925
"414","SMARCB1","TC252","siNeg_30",4923.99584
"415","SMARCD2","TC252","siNeg_30",3678.996999
"416","ARID1A","TC252","siNeg_30",14155.72493
"417","SMARCA4","TC252","siNeg_30",26887.64741
"418","ACTL6A","TC252","siNeg_30",6581.93468
"419","SMARCC2","TC252","siNeg_30",6934.462141
"420","SMARCC1","TC252","siNeg_30",36016.99884
"421","ARID1B","TC252","siNeg_30",5788.04905
"422","SMARCD1","TC252","siNeg_30",7051.003198
"423","SMARCE1","TC252","siNeg_30",12755.59159
"424","SMARCA2","TC252","siNeg_30",258.010323
"425","SMARCD3","TC252","siNeg_30",2157.003139
"426","SMARCB1","TC252","siNeg_30",4906.99828
"427","SMARCD2","TC252","siNeg_30",3743.998244
"428","ARID1A","TC252","siNeg_30",14315.47758
"429","SMARCA4","TC252","siNeg_30",27456.19866
"430","ACTL6A","TC252","siNeg_30",6510.427032
"431","SMARCC2","TC252","siNeg_30",6824.840483
"432","SMARCC1","TC252","siNeg_30",35285.67614
"433","ARID1B","TC32","si16",3450.05536
"434","SMARCD1","TC32","si16",4545.000658
"435","SMARCE1","TC32","si16",10764.58781
"436","SMARCA2","TC32","si16",3813.09557
"437","SMARCD3","TC32","si16",1342.00029
"438","SMARCB1","TC32","si16",4779.00493
"439","SMARCD2","TC32","si16",3565.999942
"440","ARID1A","TC32","si16",11912.10844
"441","SMARCA4","TC32","si16",28007.22648
"442","ACTL6A","TC32","si16",2952.463789
"443","SMARCC2","TC32","si16",5876.658586
"444","SMARCC1","TC32","si16",20451.7826
"445","ARID1B","TC32","si16",3689.616818
"446","SMARCD1","TC32","si16",4637.997245
"447","SMARCE1","TC32","si16",10992.65609
"448","SMARCA2","TC32","si16",3790.001491
"449","SMARCD3","TC32","si16",1405.999863
"450","SMARCB1","TC32","si16",4622.99647
"451","SMARCD2","TC32","si16",3449.005086
"452","ARID1A","TC32","si16",12275.91877
"453","SMARCA4","TC32","si16",27697.27586
"454","ACTL6A","TC32","si16",2966.495514
"455","SMARCC2","TC32","si16",6054.064979
"456","SMARCC1","TC32","si16",20927.64368
"457","ARID1B","TC32","si16",2933.844546
"458","SMARCD1","TC32","si16",3361.994302
"459","SMARCE1","TC32","si16",8314.929184
"460","SMARCA2","TC32","si16",3175.002463
"461","SMARCD3","TC32","si16",901.0000127
"462","SMARCB1","TC32","si16",3660.00427
"463","SMARCD2","TC32","si16",2554.00371
"464","ARID1A","TC32","si16",8856.29647
"465","SMARCA4","TC32","si16",20782.83755
"466","ACTL6A","TC32","si16",2166.086545
"467","SMARCC2","TC32","si16",4566.850354
"468","SMARCC1","TC32","si16",15006.48592
"469","ARID1B","TC32","si30",2978.222785
"470","SMARCD1","TC32","si30",4947.002857
"471","SMARCE1","TC32","si30",9336.471311
"472","SMARCA2","TC32","si30",4050.437459
"473","SMARCD3","TC32","si30",1026.999806
"474","SMARCB1","TC32","si30",4157.99239
"475","SMARCD2","TC32","si30",3846.999746
"476","ARID1A","TC32","si30",10808.62975
"477","SMARCA4","TC32","si30",22406.90516
"478","ACTL6A","TC32","si30",2939.110583
"479","SMARCC2","TC32","si30",6062.121328
"480","SMARCC1","TC32","si30",17926.01819
"481","ARID1B","TC32","si30",3394.496704
"482","SMARCD1","TC32","si30",5595.99958
"483","SMARCE1","TC32","si30",10677.34945
"484","SMARCA2","TC32","si30",4654.079816
"485","SMARCD3","TC32","si30",1115.999502
"486","SMARCB1","TC32","si30",4834.9989
"487","SMARCD2","TC32","si30",4298.996571
"488","ARID1A","TC32","si30",13015.32045
"489","SMARCA4","TC32","si30",25916.69383
"490","ACTL6A","TC32","si30",3127.595545
"491","SMARCC2","TC32","si30",6943.730008
"492","SMARCC1","TC32","si30",20297.69441
"493","ARID1B","TC32","si30",3198.373337
"494","SMARCD1","TC32","si30",5159.00061
"495","SMARCE1","TC32","si30",10038.03956
"496","SMARCA2","TC32","si30",4409.994666
"497","SMARCD3","TC32","si30",1003.999584
"498","SMARCB1","TC32","si30",4515.99931
"499","SMARCD2","TC32","si30",3924.002604
"500","ARID1A","TC32","si30",11268.74043
"501","SMARCA4","TC32","si30",23822.50864
"502","ACTL6A","TC32","si30",2944.269893
"503","SMARCC2","TC32","si30",6069.692632
"504","SMARCC1","TC32","si30",18589.97982
"505","ARID1B","TC32","siNeg_16",3223.131401
"506","SMARCD1","TC32","siNeg_16",5467.007179
"507","SMARCE1","TC32","siNeg_16",8451.961567
"508","SMARCA2","TC32","siNeg_16",3111.405507
"509","SMARCD3","TC32","siNeg_16",1172.998722
"510","SMARCB1","TC32","siNeg_16",4224.00291
"511","SMARCD2","TC32","siNeg_16",3886.002953
"512","ARID1A","TC32","siNeg_16",11870.18376
"513","SMARCA4","TC32","siNeg_16",23823.7791
"514","ACTL6A","TC32","siNeg_16",3034.464969
"515","SMARCC2","TC32","siNeg_16",6937.982969
"516","SMARCC1","TC32","siNeg_16",19409.75591
"517","ARID1B","TC32","siNeg_16",2836.473517
"518","SMARCD1","TC32","siNeg_16",4668.002778
"519","SMARCE1","TC32","siNeg_16",7483.398818
"520","SMARCA2","TC32","siNeg_16",2684.16135
"521","SMARCD3","TC32","siNeg_16",892.9997251
"522","SMARCB1","TC32","siNeg_16",3533.0003
"523","SMARCD2","TC32","siNeg_16",3437.001535
"524","ARID1A","TC32","siNeg_16",10271.67484
"525","SMARCA4","TC32","siNeg_16",19830.25625
"526","ACTL6A","TC32","siNeg_16",2661.982541
"527","SMARCC2","TC32","siNeg_16",6005.934631
"528","SMARCC1","TC32","siNeg_16",16387.16245
"529","ARID1B","TC32","siNeg_16",4502.154341
"530","SMARCD1","TC32","siNeg_16",7621.002805
"531","SMARCE1","TC32","siNeg_16",11901.22829
"532","SMARCA2","TC32","siNeg_16",4455.070711
"533","SMARCD3","TC32","siNeg_16",1588.000092
"534","SMARCB1","TC32","siNeg_16",5719.00295
"535","SMARCD2","TC32","siNeg_16",5497.99784
"536","ARID1A","TC32","siNeg_16",16522.84049
"537","SMARCA4","TC32","siNeg_16",31558.77046
"538","ACTL6A","TC32","siNeg_16",4401.873514
"539","SMARCC2","TC32","siNeg_16",9866.472165
"540","SMARCC1","TC32","siNeg_16",26638.18055
"541","ARID1B","TC32","siNeg_16",3799.312364
"542","SMARCD1","TC32","siNeg_16",7510.993217
"543","SMARCE1","TC32","siNeg_30",11573.08791
"544","SMARCA2","TC32","siNeg_30",4533.187113
"545","SMARCD3","TC32","siNeg_30",1433.000159
"546","SMARCB1","TC32","siNeg_30",5567.00354
"547","SMARCD2","TC32","siNeg_30",5121.004593
"548","ARID1A","TC32","siNeg_30",15365.8807
"549","SMARCA4","TC32","siNeg_30",29542.69099
"550","ACTL6A","TC32","siNeg_30",4598.906517
"551","SMARCC2","TC32","siNeg_30",8507.467367
"552","SMARCC1","TC32","siNeg_30",24837.36297
"553","ARID1B","TC32","siNeg_30",3358.217531
"554","SMARCD1","TC32","siNeg_30",6200.9964
"555","SMARCE1","TC32","siNeg_30",9879.234392
"556","SMARCA2","TC32","siNeg_30",3892.364131
"557","SMARCD3","TC32","siNeg_30",1184.999884
"558","SMARCB1","TC32","siNeg_30",4702.99706
"559","SMARCD2","TC32","siNeg_30",4276.99724
"560","ARID1A","TC32","siNeg_30",13009.67734
"561","SMARCA4","TC32","siNeg_30",24657.19632
"562","ACTL6A","TC32","siNeg_30",3926.823522
"563","SMARCC2","TC32","siNeg_30",7346.139436
"564","SMARCC1","TC32","siNeg_30",20705.19688
"565","ARID1B","TC32","siNeg_30",5102.805314
"566","SMARCD1","TC32","siNeg_30",9481.003146
"567","SMARCE1","TC32","siNeg_30",14523.08659
"568","SMARCA2","TC32","siNeg_30",6140.747783
"569","SMARCD3","TC32","siNeg_30",1714.999798
"570","SMARCB1","TC32","siNeg_30",6644.00547
"571","SMARCD2","TC32","siNeg_30",6484.99649
"572","ARID1A","TC32","siNeg_30",21792.90498
"573","SMARCA4","TC32","siNeg_30",38638.7452
"574","ACTL6A","TC32","siNeg_30",5529.340135
"575","SMARCC2","TC32","siNeg_30",11257.54321
"576","SMARCC1","TC32","siNeg_30",32146.61656
"577","ARID1B","TC71","si16",2759.179521
"578","SMARCD1","TC71","si16",4445.001171
"579","SMARCE1","TC71","si16",3291.501346
"580","SMARCA2","TC71","si16",480.999699
"581","SMARCD3","TC71","si16",478.0002312
"582","SMARCB1","TC71","si16",3150.00017
"583","SMARCD2","TC71","si16",2715.003918
"584","ARID1A","TC71","si16",6136.726265
"585","SMARCA4","TC71","si16",10776.69889
"586","ACTL6A","TC71","si16",5112.374521
"587","SMARCC2","TC71","si16",3008.317811
"588","SMARCC1","TC71","si16",14668.638
"589","ARID1B","TC71","si16",2283.358151
"590","SMARCD1","TC71","si16",3973.007505
"591","SMARCE1","TC71","si16",3104.391593
"592","SMARCA2","TC71","si16",442.0004184
"593","SMARCD3","TC71","si16",410.0000669
"594","SMARCB1","TC71","si16",2773.99935
"595","SMARCD2","TC71","si16",2359.002085
"596","ARID1A","TC71","si16",5532.175974
"597","SMARCA4","TC71","si16",9793.88464
"598","ACTL6A","TC71","si16",4920.40452
"599","SMARCC2","TC71","si16",2696.664501
"600","SMARCC1","TC71","si16",13249.1071
"601","ARID1B","TC71","si16",3735.92085
"602","SMARCD1","TC71","si16",5289.997441
"603","SMARCE1","TC71","si16",4677.819956
"604","SMARCA2","TC71","si16",767.073414
"605","SMARCD3","TC71","si16",670.0000695
"606","SMARCB1","TC71","si16",4321.99796
"607","SMARCD2","TC71","si16",2919.00326
"608","ARID1A","TC71","si16",10734.52437
"609","SMARCA4","TC71","si16",14229.90962
"610","ACTL6A","TC71","si16",6953.443011
"611","SMARCC2","TC71","si16",3427.272465
"612","SMARCC1","TC71","si16",16749.05171
"613","ARID1B","TC71","si30",3757.412951
"614","SMARCD1","TC71","si30",4388.996694
"615","SMARCE1","TC71","si30",4270.36489
"616","SMARCA2","TC71","si30",720.0147461
"617","SMARCD3","TC71","si30",593.9999073
"618","SMARCB1","TC71","si30",3412.99777
"619","SMARCD2","TC71","si30",2370.994988
"620","ARID1A","TC71","si30",7639.255493
"621","SMARCA4","TC71","si30",12246.1636
"622","ACTL6A","TC71","si30",4366.859171
"623","SMARCC2","TC71","si30",3830.32331
"624","SMARCC1","TC71","si30",14996.53359
"625","ARID1B","TC71","si30",4756.064133
"626","SMARCD1","TC71","si30",5202.002099
"627","SMARCE1","TC71","si30",5346.796499
"628","SMARCA2","TC71","si30",846.036183
"629","SMARCD3","TC71","si30",681.9994541
"630","SMARCB1","TC71","si30",3974.00179
"631","SMARCD2","TC71","si30",2761.995747
"632","ARID1A","TC71","si30",9611.050211
"633","SMARCA4","TC71","si30",14935.22458
"634","ACTL6A","TC71","si30",5266.993205
"635","SMARCC2","TC71","si30",4813.930771
"636","SMARCC1","TC71","si30",18763.82121
"637","ARID1B","TC71","si30",4833.89397
"638","SMARCD1","TC71","si30",4968.991096
"639","SMARCE1","TC71","si30",4592.210891
"640","SMARCA2","TC71","si30",800.999067
"641","SMARCD3","TC71","si30",763.0009052
"642","SMARCB1","TC71","si30",3969.00641
"643","SMARCD2","TC71","si30",2822.998551
"644","ARID1A","TC71","si30",8686.23706
"645","SMARCA4","TC71","si30",14613.08067
"646","ACTL6A","TC71","si30",4582.802807
"647","SMARCC2","TC71","si30",4527.275694
"648","SMARCC1","TC71","si30",16746.07676
"649","ARID1B","TC71","siNeg_16",2646.33541
"650","SMARCD1","TC71","siNeg_16",4328.990725
"651","SMARCE1","TC71","siNeg_16",3345.396958
"652","SMARCA2","TC71","siNeg_16",393.000095
"653","SMARCD3","TC71","siNeg_16",372.9998041
"654","SMARCB1","TC71","siNeg_16",2963.99593
"655","SMARCD2","TC71","siNeg_16",3156.003086
"656","ARID1A","TC71","siNeg_16",5540.208085
"657","SMARCA4","TC71","siNeg_16",10163.26649
"658","ACTL6A","TC71","siNeg_16",5388.201877
"659","SMARCC2","TC71","siNeg_16",3326.64161
"660","SMARCC1","TC71","siNeg_16",15042.02212
"661","ARID1B","TC71","siNeg_16",3418.860716
"662","SMARCD1","TC71","siNeg_16",5363.001315
"663","SMARCE1","TC71","siNeg_16",4041.36523
"664","SMARCA2","TC71","siNeg_16",522.999656
"665","SMARCD3","TC71","siNeg_16",482.0002228
"666","SMARCB1","TC71","siNeg_16",3688.003645
"667","SMARCD2","TC71","siNeg_16",3746.001971
"668","ARID1A","TC71","siNeg_16",6652.602018
"669","SMARCA4","TC71","siNeg_16",12349.61824
"670","ACTL6A","TC71","siNeg_16",6487.046566
"671","SMARCC2","TC71","siNeg_16",4107.537407
"672","SMARCC1","TC71","siNeg_16",18704.99719
"673","ARID1B","TC71","siNeg_16",3872.08294
"674","SMARCD1","TC71","siNeg_16",6016.003118
"675","SMARCE1","TC71","siNeg_16",4271.528165
"676","SMARCA2","TC71","siNeg_16",560.0122017
"677","SMARCD3","TC71","siNeg_16",591.0002411
"678","SMARCB1","TC71","siNeg_16",4016.00012
"679","SMARCD2","TC71","siNeg_16",4171.00196
"680","ARID1A","TC71","siNeg_16",8191.443045
"681","SMARCA4","TC71","siNeg_16",14422.80628
"682","ACTL6A","TC71","siNeg_16",6647.501155
"683","SMARCC2","TC71","siNeg_16",4419.755926
"684","SMARCC1","TC71","siNeg_16",19638.99571
"685","ARID1B","TC71","siNeg_16",2570.556001
"686","SMARCD1","TC71","siNeg_16",4504.004802
"687","SMARCE1","TC71","siNeg_30",3355.892514
"688","SMARCA2","TC71","siNeg_30",364.9999694
"689","SMARCD3","TC71","siNeg_30",351.9997544
"690","SMARCB1","TC71","siNeg_30",2837.999102
"691","SMARCD2","TC71","siNeg_30",3331.999891
"692","ARID1A","TC71","siNeg_30",6071.21875
"693","SMARCA4","TC71","siNeg_30",11204.38715
"694","ACTL6A","TC71","siNeg_30",5140.960269
"695","SMARCC2","TC71","siNeg_30",3931.119478
"696","SMARCC1","TC71","siNeg_30",13564.96551
"697","ARID1B","TC71","siNeg_30",3278.39103
"698","SMARCD1","TC71","siNeg_30",5476.997023
"699","SMARCE1","TC71","siNeg_30",3735.048901
"700","SMARCA2","TC71","siNeg_30",420.0002167
"701","SMARCD3","TC71","siNeg_30",430.0002661
"702","SMARCB1","TC71","siNeg_30",3323.99741
"703","SMARCD2","TC71","siNeg_30",4018.999855
"704","ARID1A","TC71","siNeg_30",7100.437672
"705","SMARCA4","TC71","siNeg_30",12699.97533
"706","ACTL6A","TC71","siNeg_30",6185.083591
"707","SMARCC2","TC71","siNeg_30",4397.238049
"708","SMARCC1","TC71","siNeg_30",16841.1466
"709","ARID1B","TC71","siNeg_30",4069.02353
"710","SMARCD1","TC71","siNeg_30",6428.9967
"711","SMARCE1","TC71","siNeg_30",4326.764787
"712","SMARCA2","TC71","siNeg_30",567.000226
"713","SMARCD3","TC71","siNeg_30",522.000432
"714","SMARCB1","TC71","siNeg_30",4019.004171
"715","SMARCD2","TC71","siNeg_30",4805.996007
"716","ARID1A","TC71","siNeg_30",7993.001262
"717","SMARCA4","TC71","siNeg_30",15426.77609
"718","ACTL6A","TC71","siNeg_30",7567.741229
"719","SMARCC2","TC71","siNeg_30",5149.341902
"720","SMARCC1","TC71","siNeg_30",20340.1484
